guide_ra,guide_dec,phot_g_mean_mag,cmos_id
14.0693928,37.1532986,10.77,1
14.0452175,37.1600567,13.332,1
14.0807253,37.1813564,14.828,1
13.8880053,37.0838978,13.003,1
13.9242367,37.1322661,13.555,1
13.9183228,37.1304681,13.66,1
13.8922764,37.1116158,13.957,1
13.9760364,37.1298086,14.202,1
13.9894958,37.0999358,14.313,1
14.0377147,37.15162,14.51,1
14.0048506,37.1455664,14.67,1
14.1092025,37.0672783,11.46,1
13.9908333,36.9854519,12.764,2
14.0662564,36.9615781,13.096,2
14.0663306,36.9225833,13.105,2
14.0103817,36.8963606,13.411,2
14.0029393,36.9718844,13.843,2
14.1065646,36.9338781,13.936,2
14.0101697,37.0090364,14.164,2
14.0524492,36.9913372,14.292,2
14.1018389,36.8953567,14.375,2
14.022305,36.9939547,14.608,2
13.9458133,36.9923297,14.608,2
14.2034947,37.0232767,13.957,2
14.133965,36.9514756,14.095,2
14.0937968,37.0301086,14.337,2
14.1441139,36.7499347,9.767,3
14.1866347,36.8247017,13.24,3
14.1338475,36.8497211,13.97,3
14.1025069,36.8519831,14.144,3
14.0430303,36.849035,14.551,3
14.2884114,36.8488867,9.571,3
14.2084869,36.9001942,13.477,3
14.2895675,36.8731317,13.632,3
14.2367139,36.848705,13.958,3
14.2226117,36.8495278,14.128,3
14.2148694,36.8182664,14.371,3
14.2198017,36.8604125,14.527,3
14.2952864,36.8395469,14.564,3
14.3261766,36.8204517,14.611,3
14.2090358,36.9302258,14.629,3
14.2031636,36.8089814,14.754,3
14.165834,36.8795819,14.901,3
14.1910768,36.9102075,14.965,3
14.2916306,36.6787972,10.312,4
14.2044162,36.6126489,12.018,4
14.2396383,36.68833,13.087,4
14.2009557,36.6052303,13.321,4
14.2605833,36.6906556,13.38,4
14.316572,36.6465361,14.05,4
14.2267778,36.6750317,14.485,4
14.1732761,36.6621292,14.701,4
14.2038294,36.7002347,14.773,4
14.2236031,36.6624678,14.868,4
14.3047217,36.6507892,14.942,4
14.3233156,36.7752986,11.171,4
14.3352968,36.7731283,13.085,4
14.2383136,36.7721269,14.183,4
14.3447142,36.6857967,14.199,4
14.3206167,36.7116,14.293,4
14.34272,36.7198369,14.307,4
14.3590661,36.7672817,14.341,4
14.3539847,36.7749139,14.763,4
15.3861172,37.8787583,10.179,5
15.4527297,37.9261028,10.948,5
15.3568839,37.9203603,11.98,5
15.4005028,37.8523447,12.302,5
15.3541514,37.9109042,12.363,5
15.298317,37.8510978,12.376,5
15.2946906,37.8695031,12.571,5
15.3703828,37.8609261,12.582,5
15.434184,37.9428558,12.68,5
15.2665589,37.8645906,12.821,5
15.3107264,37.8151992,13.461,5
15.2582757,37.8628825,13.701,5
15.33833,37.8272431,13.759,5
15.4572872,37.8926619,13.934,5
15.3722606,37.9354731,13.974,5
15.4825786,37.8749725,14.142,5
15.4039497,37.8227914,14.438,5
15.2929847,37.8797122,14.467,5
15.418125,37.9428311,14.626,5
15.3742844,37.8777722,14.708,5
15.3671927,37.8780853,14.727,5
15.28526,37.8121322,14.735,5
15.4644203,37.8731408,14.884,5
15.4392414,37.8980731,14.936,5
15.3568611,37.7721006,14.882,5
15.3030578,37.7719556,14.903,5
15.5326458,37.8239789,10.522,6
15.5204958,37.7791006,12.164,6
15.5043753,37.7493525,12.281,6
15.5515217,37.6825806,12.61,6
15.5217447,37.7716844,13.786,6
15.5344583,37.7530617,13.891,6
15.5622569,37.6946864,14.069,6
15.5395933,37.8056944,14.712,6
15.3815503,37.6779794,11.943,6
15.4605225,37.7809244,12.191,6
15.4739434,37.7253586,12.56,6
15.4191825,37.7312586,13.161,6
15.5115108,37.6596828,13.344,6
15.3795978,37.6221378,13.489,6
15.4240894,37.633555,13.528,6
15.4179806,37.6664675,13.916,6
15.4190156,37.7810083,14.04,6
15.4574583,37.7277417,14.181,6
15.5171314,37.7093344,14.599,6
15.401965,37.6854883,14.663,6
15.4182631,37.7866453,14.678,6
15.5127459,37.6736775,14.777,6
15.6384689,37.6335006,12.204,7
15.5846028,37.6660258,14.069,7
15.6297722,37.5661728,14.831,7
15.3895819,37.6090197,11.438,7
15.4735675,37.6159617,12.637,7
15.5003322,37.6310136,13.135,7
15.516892,37.5620036,13.27,7
15.5457689,37.6161869,14.028,7
15.493452,37.6320625,14.107,7
15.5555778,37.6063019,14.408,7
15.4412169,37.6088589,14.64,7
15.4900006,37.4909611,13.925,7
15.7281893,37.4390136,13.177,8
15.6452383,37.4815389,12.99,8
15.6656703,37.4360756,12.996,8
15.5567083,37.49765,13.169,8
15.5680467,37.4831997,14.061,8
15.5872992,37.5043728,14.087,8
15.6053222,37.5229678,14.445,8
15.6473931,37.4203378,12.83,8
15.6061321,37.4312369,12.948,8
15.5355883,37.425315,13.33,8
15.6053908,37.4007336,13.664,8
15.5909688,37.4140008,13.692,8
15.6647644,37.3942322,13.767,8
15.5549258,37.3730544,14.031,8
15.6050164,37.4135231,14.699,8
15.5914516,37.3824322,14.829,8
15.6471601,37.4032528,14.838,8
15.680149,37.3960058,14.893,8
15.6534925,37.4039547,14.906,8
9.8643568,36.5882339,13.42,1
9.8146225,36.5587964,14.241,1
9.6798095,36.5937542,8.318,1
9.6446878,36.6185097,12.382,1
9.6958631,36.5021967,12.623,1
9.7625786,36.6734275,12.654,1
9.7273901,36.6572394,12.901,1
9.7083244,36.5747731,12.988,1
9.78615,36.5770444,13.089,1
9.7682656,36.5915683,13.425,1
9.7870682,36.6098606,13.454,1
9.7175053,36.5019153,13.746,1
9.7461531,36.5310078,13.773,1
9.7215406,36.6413939,14.055,1
9.7795008,36.6411583,14.261,1
9.6567585,36.5982022,14.688,1
9.7464203,36.5979128,14.878,1
9.8212161,36.4120881,11.301,2
9.94805,36.4557994,11.704,2
9.9315939,36.45609,11.865,2
9.8463069,36.5203242,12.185,2
9.7753261,36.4980817,12.336,2
9.8945211,36.5256425,12.788,2
9.8026894,36.4931028,13.205,2
9.8903193,36.5000381,13.319,2
9.9339144,36.4397842,13.377,2
9.81577,36.4993783,13.466,2
9.8405442,36.3937514,13.832,2
9.8645986,36.4864361,13.902,2
9.8046345,36.4745214,13.911,2
9.8931364,36.4541803,14.04,2
9.9516352,36.48098,14.108,2
9.7692003,36.3847906,14.329,2
9.8437442,36.3838497,14.507,2
9.9152547,36.5413472,14.788,2
9.8277942,36.3934892,14.852,2
9.8657278,36.5213969,14.976,2
9.7143303,36.4533464,12.782,2
9.7287042,36.4847108,14.682,2
9.9406267,36.2927575,12.56,3
9.8637947,36.2533525,12.668,3
9.8967233,36.2652186,12.973,3
9.9114575,36.3801847,13.336,3
9.966626,36.3201336,13.381,3
9.8862817,36.3740833,13.422,3
9.8310986,36.3572692,13.816,3
9.8576407,36.2775903,13.926,3
9.8424169,36.283515,14.084,3
9.9351983,36.3157192,14.297,3
9.8442667,36.2956944,14.309,3
9.8022389,36.3523036,14.373,3
9.9844944,36.3699464,14.497,3
9.9948781,36.4393464,14.742,3
9.9496956,36.2866331,14.852,3
9.8673218,36.3484222,14.915,3
10.0072261,36.2952394,10.044,3
10.0026644,36.3652653,14.046,3
10.0426675,36.3689858,14.633,3
10.0174702,36.3975008,14.773,3
9.8881147,36.2188208,12.251,4
9.9040694,36.1809633,12.0,4
10.0037733,36.14324,12.929,4
10.0510819,36.2162744,13.075,4
9.9962682,36.1767667,13.657,4
9.9778094,36.1105989,13.665,4
10.0866311,36.2522267,13.67,4
9.9768406,36.1889347,13.983,4
10.0647869,36.1704389,14.028,4
9.9515738,36.2591119,14.289,4
10.0100503,36.1778594,14.64,4
9.9278908,36.2344383,14.642,4
10.0709817,36.2240381,14.715,4
11.1944638,37.3335492,14.07,5
11.2274928,37.3722008,12.056,5
11.1901118,37.4234725,14.269,5
11.1512053,37.3450317,12.737,5
11.068682,37.3105358,13.545,5
11.1688,37.3670475,14.023,5
11.1979467,37.35323,14.922,5
11.2369947,37.2878875,10.377,6
11.275475,37.2377536,11.445,6
11.2197639,37.3189161,12.551,6
11.2537789,37.2165936,12.721,6
11.2525706,37.2835025,13.331,6
11.2192543,37.2733783,13.709,6
11.2888056,37.2481283,14.167,6
11.2189064,37.2945772,14.189,6
11.1931094,37.3024614,14.774,6
11.2858514,37.2539008,14.968,6
11.2013226,37.2727886,10.972,6
11.1928908,37.2486222,12.318,6
11.1913497,37.1516367,13.42,6
11.2249178,37.1869619,13.656,6
11.1640983,37.2614533,13.695,6
11.0853117,37.1675242,14.036,6
11.0479139,37.2575753,14.527,6
11.0581883,37.2176383,14.554,6
11.2354275,37.2125733,14.989,6
11.2806481,37.1468767,11.968,7
11.3172477,37.1671083,12.881,7
11.2590567,37.1673475,12.969,7
11.3721046,37.0934942,14.294,7
11.3161106,37.1424575,14.485,7
11.2801336,37.1104331,14.522,7
11.3742008,37.0906375,14.524,7
11.3803951,37.0890225,14.946,7
11.1900158,37.1396769,14.684,7
11.2479033,37.0564544,11.949,7
11.1807483,37.0869833,12.771,7
11.2879047,37.0539967,13.815,7
11.1696644,37.1063725,14.184,7
11.2131922,37.0716661,14.81,7
11.3740427,37.0392219,10.54,8
11.2754761,36.8571836,14.039,8
11.2657,36.9549889,14.166,8
11.2829278,36.9220661,14.296,8
11.3480792,36.909035,11.757,8
11.3964189,36.9327219,12.921,8
11.3714288,36.9022203,12.937,8
11.3878764,37.0196953,13.336,8
11.4410408,36.9978219,13.406,8
11.3820767,36.9332228,13.752,8
11.4035242,36.9790642,13.829,8
11.4297142,36.9687175,13.954,8
11.3434207,36.9684472,14.317,8
11.3455417,36.9006719,14.342,8
11.4045222,36.9253278,14.503,8
11.3697839,36.9676939,14.538,8
11.3819931,36.90085,14.635,8
11.3422358,36.9412078,14.69,8
11.4442475,37.0014086,14.919,8
11.3512564,36.9983211,14.969,8
11.4324532,36.9684456,14.973,8
11.2586033,37.0022058,11.834,8
11.2975647,37.0060253,13.029,8
11.2313175,36.9620508,13.672,8
11.2772597,37.0057567,13.673,8
11.2580343,36.9680167,14.431,8
11.2881786,36.9651228,14.592,8
11.4795772,38.9982989,12.696,1
11.4298425,38.9964819,13.575,1
11.4537733,39.0290547,14.0,1
11.4508933,39.0144319,14.614,1
11.4521133,38.9918839,14.699,1
11.4019314,38.9905353,14.986,1
11.4061294,39.1181575,13.927,1
11.3623061,39.0950086,14.692,1
11.3046215,38.9752317,10.467,1
11.2879239,39.0219636,10.63,1
11.3322564,38.9902061,12.14,1
11.2922186,39.0340942,13.749,1
11.2663271,39.0389178,13.98,1
11.2216883,39.0213672,14.099,1
11.2933375,38.9932208,14.343,1
11.2890608,38.9839244,14.58,1
11.3035039,39.0722394,14.867,1
11.3364882,38.9408711,13.85,1
11.2857728,38.9288481,14.107,1
11.5134294,38.8467506,12.905,2
11.4825792,38.8416728,14.179,2
11.4342602,38.938245,11.825,2
11.4839456,38.975815,12.349,2
11.4324675,38.8899694,12.796,2
11.5484757,38.9108933,13.057,2
11.4389611,38.9590311,13.418,2
11.4099613,38.9635197,13.736,2
11.4853892,38.8997672,13.887,2
11.4735686,38.9112117,13.954,2
11.4913808,38.971265,14.493,2
11.4432667,38.8430356,11.922,2
11.3890975,38.8840667,12.968,2
11.3949481,38.9136422,13.56,2
11.3685228,38.8037758,13.709,2
11.4016556,38.8617164,13.719,2
11.3788475,38.8859619,13.825,2
11.3684006,38.85219,13.906,2
11.3542376,38.9200997,14.331,2
11.3420733,38.9280894,14.335,2
11.3558575,38.8763306,14.409,2
11.4235392,38.8062117,14.534,2
11.3743207,38.8010358,14.748,2
11.3797275,38.8462814,14.769,2
11.3164647,38.8935233,14.82,2
11.3447841,38.8951203,14.82,2
11.4023119,38.83995,14.827,2
11.5870278,38.7201189,8.737,3
11.6363682,38.7790831,11.966,3
11.5745922,38.8586978,12.508,3
11.6287392,38.7615561,12.966,3
11.5486772,38.8164194,13.755,3
11.6152174,38.7620831,13.801,3
11.5477978,38.8171736,14.274,3
11.5273583,38.8294447,14.551,3
11.5741771,38.8576272,14.583,3
11.5896436,38.7834081,14.719,3
11.4958512,38.8121783,14.792,3
11.5362571,38.7409225,14.945,3
11.4713027,38.79113,14.945,3
11.4341925,38.7452533,10.755,3
11.4604996,38.7029717,13.693,3
11.4453146,38.7379736,14.077,3
11.386041,38.7602722,14.321,3
11.5977067,38.6739961,10.378,4
11.5816894,38.63412,12.061,4
11.54317,38.563035,12.49,4
11.7038125,38.6479544,12.582,4
11.5199186,38.6178467,12.803,4
11.6194494,38.547985,13.304,4
11.6341333,38.6067869,13.335,4
11.5285794,38.5944372,13.76,4
11.6005841,38.5922244,13.88,4
11.5646819,38.6016597,13.938,4
11.7287897,38.6251908,13.951,4
11.5479344,38.5863161,14.058,4
11.5004231,38.6517714,14.261,4
11.5715175,38.6515992,14.384,4
11.5976497,38.5992961,14.391,4
11.7022033,38.5979089,14.463,4
11.6268631,38.6859981,14.544,4
11.5960847,38.6314603,14.744,4
11.5968397,38.6292167,14.836,4
11.6553003,38.7170547,14.985,4
11.5056123,38.5614317,13.83,4
12.7188475,39.8560797,10.383,5
12.6798686,39.8208489,10.959,5
12.7572833,39.8614403,12.281,5
12.7559592,39.8112381,12.492,5
12.7211869,39.8173256,13.297,5
12.7451622,39.7910742,13.366,5
12.7837489,39.8733236,13.6,5
12.7678633,39.7568308,13.825,5
12.6030269,39.8096964,14.03,5
12.7324706,39.8329864,14.228,5
12.6833489,39.7295864,14.262,5
12.8119591,39.771305,14.271,5
12.8179053,39.7668792,14.656,5
12.5716194,39.8158447,14.828,5
12.8202994,39.8439731,12.156,5
12.7918932,39.9002689,12.72,5
12.8103662,39.8529711,13.636,5
12.7506492,39.5885244,10.362,6
12.8532667,39.6492681,12.415,6
12.7595836,39.5922853,12.603,6
12.7472928,39.5971653,12.728,6
12.7337406,39.7088719,12.766,6
12.7309656,39.5697864,14.031,6
12.7834619,39.7213419,14.204,6
12.7254983,39.6082642,14.234,6
12.8177809,39.7244483,14.643,6
12.7978342,39.7046717,14.728,6
12.9252706,39.6451575,12.332,6
12.941312,39.6560364,13.166,6
12.8564744,39.7142239,13.785,6
12.8934317,39.736425,13.83,6
12.8877964,39.7593806,14.114,6
12.9030817,39.7065008,14.887,6
12.8276658,39.5789908,14.281,7
12.8755453,39.5991525,14.84,7
12.9581333,39.6313283,14.588,7
12.8224381,39.4289631,11.139,7
12.7948744,39.5272467,12.255,7
12.854025,39.5285706,12.97,7
12.7575697,39.5484447,14.391,7
12.8643931,39.5659056,14.485,7
12.8635175,39.5245786,14.5,7
12.8680586,39.5056197,14.624,7
12.8187726,39.4208394,14.884,7
12.7519011,39.5412878,14.893,7
12.8564067,39.5529244,14.973,7
13.0037153,39.5690086,10.442,7
12.9444178,39.5712728,13.376,7
12.9791,39.5562597,13.726,7
12.9577236,39.4999247,13.766,7
13.0027208,39.5459514,13.805,7
12.9383183,39.6008569,14.015,7
12.9886994,39.4996344,14.043,7
12.89827,39.5844742,14.1,7
12.9741608,39.5364411,14.114,7
12.9236617,39.5087536,14.623,7
12.956665,39.5106967,14.859,7
12.9516472,39.4804481,14.983,7
12.943045,39.3168586,13.441,8
12.9161925,39.2851619,13.928,8
12.9039425,39.424305,9.026,8
12.9065056,39.4290372,11.196,8
12.988025,39.4758975,14.443,8
12.9857419,39.4527306,14.539,8
13.0187078,39.3312042,11.962,8
13.0805134,39.4575736,12.384,8
13.0657194,39.3758986,12.703,8
13.0128357,39.4151233,13.073,8
13.0636389,39.3609303,14.009,8
13.0590842,39.3471658,14.294,8
12.9541153,39.3412817,14.365,8
12.9337975,39.3927656,14.734,8
13.091175,39.3544133,14.746,8
12.9655056,39.3558825,14.826,8
13.0629892,39.3804722,14.924,8
10.6834072,40.3533617,12.394,1
10.6835672,40.4390047,12.875,1
10.5784806,40.386795,12.905,1
10.7303638,40.3482206,13.286,1
10.6658392,40.3828181,13.401,1
10.7104019,40.4037075,13.648,1
10.5935669,40.32417,13.696,1
10.6444081,40.3174675,13.995,1
10.6097622,40.3516364,14.641,1
10.6461875,40.3862836,14.877,1
10.7116336,40.3171986,14.891,1
10.6206144,40.3735678,14.931,1
10.7449214,40.4020719,9.054,1
10.7079364,40.4524514,12.886,1
10.7216069,40.4408742,14.939,1
10.778634,40.3567681,12.802,1
10.7732362,40.3581125,13.602,1
10.73572,40.3277208,14.132,1
10.7331636,40.1459497,9.155,2
10.6972003,40.2335239,12.427,2
10.7262508,40.2769592,12.701,2
10.6672893,40.2244606,13.727,2
10.7138166,40.2442175,13.919,2
10.6784767,40.1956997,14.278,2
10.7557333,40.2235486,14.929,2
10.6885544,40.2047983,14.98,2
10.8279697,40.2114647,11.776,2
10.7974669,40.2952728,12.923,2
10.7915308,40.2264211,13.402,2
10.8408308,40.3012586,13.631,2
10.8827653,40.2542053,14.147,2
10.8513461,40.312115,14.358,2
10.8506281,40.3112747,14.535,2
10.9288075,40.2155514,14.614,2
10.7649339,40.2767789,14.781,2
10.9630636,40.0491647,11.891,3
10.8928469,40.0838642,12.01,3
10.8292964,40.0626081,12.373,3
10.7831583,40.1433378,12.837,3
10.9276208,40.1557128,13.337,3
10.8895928,40.0208833,14.041,3
10.8674133,40.0993606,14.308,3
10.9618853,40.1126903,14.495,3
10.91319,40.1386519,14.608,3
10.9399711,40.0791981,14.703,3
10.9482073,40.0585258,14.861,3
10.9544458,40.1275453,14.899,3
10.9021825,40.0924436,14.948,3
10.8813885,40.1568719,14.956,3
10.7565342,40.0781744,11.821,3
10.8021286,40.0436042,12.313,3
10.8191975,40.0705,13.364,3
10.7972256,40.0047544,13.788,3
10.8024288,40.0241622,13.883,3
10.7437136,40.0861,14.438,3
10.7976857,40.0668103,14.742,3
10.8820705,39.9325792,11.205,4
10.9185236,39.9971658,11.898,4
10.9383253,39.9218056,12.658,4
11.0618902,39.9331867,13.18,4
11.04225,40.0120972,13.244,4
10.9286653,39.9199194,13.253,4
10.9398339,39.9955644,13.542,4
11.0453122,39.9332872,13.546,4
11.0013672,39.9324464,13.642,4
10.8260106,39.9492647,13.863,4
10.9140224,39.9985658,14.139,4
10.8523775,39.9973158,14.424,4
10.9480267,39.9073744,14.438,4
10.8982042,39.9234144,14.466,4
10.8844289,39.8645175,14.538,4
11.0123842,39.9820181,14.553,4
10.9061525,40.0077922,14.562,4
10.9574058,39.9724417,14.681,4
10.9313244,39.8993039,14.781,4
10.9204789,39.9782786,14.784,4
10.9486738,40.0105439,14.792,4
10.8507211,39.9475761,14.807,4
10.8689356,39.8993506,14.987,4
11.9882402,41.1112258,12.218,5
12.1509528,41.2228203,12.25,5
12.065098,41.2087717,12.923,5
12.1783572,41.1614097,13.479,5
12.0710593,41.1026031,13.545,5
12.1480247,41.1843789,13.58,5
12.1163139,41.2315989,13.817,5
12.1259344,41.1759858,14.097,5
11.9898179,41.1196042,14.253,5
12.0695242,41.0875947,14.271,5
12.0579308,41.1872697,14.324,5
12.1837525,41.1229061,14.596,5
12.0309081,41.0775839,14.648,5
11.9935344,41.0826736,14.663,5
12.1630256,41.1263522,14.707,5
12.0538833,41.08943,14.88,5
12.1050017,41.1152303,14.883,5
12.2134086,41.1536744,14.52,5
12.2255501,41.1301469,14.21,5
12.0009153,41.0492317,12.359,5
12.0147949,41.0345211,13.501,5
12.2576731,41.0542333,11.801,6
12.2682408,41.0674178,12.355,6
12.2718529,40.978895,12.578,6
12.2542419,41.0533981,13.857,6
12.2166444,41.05471,14.51,6
12.2612817,40.9742933,14.886,6
12.2282439,41.0789736,14.893,6
12.0689048,40.9490617,10.964,6
12.2020811,41.0397431,11.334,6
12.0657389,40.9800447,11.838,6
12.1204808,40.9471344,12.262,6
12.187465,40.990275,13.261,6
12.0739672,41.0113233,13.504,6
12.1692894,41.0261617,13.626,6
12.1478086,40.9531267,13.959,6
12.0766125,41.0114019,14.137,6
12.1196939,40.9801083,14.772,6
12.148297,41.0248489,14.868,6
12.3125217,40.9516411,11.5,7
12.3340003,40.9025928,13.415,7
12.3035281,40.8986825,13.965,7
12.3428389,40.9191139,14.001,7
12.3092932,40.9102492,14.14,7
12.3269368,40.8726189,14.231,7
12.3910019,40.8838581,14.605,7
12.3403667,40.9337525,14.865,7
12.3434203,40.9143389,14.943,7
12.2349133,40.8970225,10.553,7
12.1943225,40.8684331,11.565,7
12.1257958,40.8816622,12.145,7
12.2884436,40.8221917,13.557,7
12.1717125,40.7943586,13.84,7
12.2499992,40.8544081,14.114,7
12.2226633,40.8815711,14.12,7
12.2472572,40.8546431,14.603,7
12.2411575,40.9304883,14.733,7
12.2477431,40.6798436,12.593,8
12.2953728,40.6481494,14.195,8
12.2482502,40.6955883,14.613,8
12.2866125,40.6835089,14.685,8
12.4090333,40.8382036,9.073,8
12.3506694,40.8143219,13.251,8
12.2789867,40.7846033,11.738,8
12.2733051,40.775825,13.729,8
12.3646733,40.6782989,11.416,8
12.3352631,40.7850686,12.884,8
12.3463247,40.7214058,13.084,8
12.4168333,40.7868758,13.152,8
12.3726244,40.7827425,13.155,8
12.36724,40.7488264,13.292,8
12.3367141,40.7036017,13.394,8
12.4468781,40.7496736,13.397,8
12.4395303,40.7799725,13.479,8
12.3620769,40.7535244,13.598,8
12.3735061,40.7134753,13.938,8
12.3833236,40.7682889,13.958,8
12.3983169,40.746705,14.031,8
12.4483453,40.7205303,14.045,8
12.3894936,40.7733653,14.063,8
12.463939,40.7467975,14.269,8
12.43167,40.7356639,14.326,8
12.3900869,40.7153439,14.444,8
12.4589403,40.7413792,14.73,8
12.3614,40.7334294,14.775,8
12.4494878,40.7981139,14.832,8
5.18999,38.8613525,13.406,1
5.1346636,38.8766306,14.062,1
5.0811428,38.7997806,14.302,1
5.0452408,38.8460631,14.562,1
5.1874969,38.8833981,14.689,1
5.0436425,38.9296169,12.159,1
5.2111856,38.9813881,12.733,1
5.1199948,38.8881431,13.213,1
5.0370642,38.9340858,13.463,1
5.1813253,38.9434644,13.636,1
5.1366092,38.9736344,13.739,1
5.1300628,38.9715114,13.964,1
5.0202982,38.8917214,14.089,1
5.0865539,38.8831775,14.961,1
5.3131847,38.7605786,9.764,2
5.2552094,38.7739811,10.599,2
5.2446442,38.6934739,11.259,2
5.1874528,38.6658678,11.616,2
5.3524607,38.7354697,11.831,2
5.2797596,38.7685842,12.491,2
5.3771108,38.7435072,12.597,2
5.1643507,38.7343364,12.716,2
5.2682533,38.7631469,12.793,2
5.2503506,38.8119225,13.686,2
5.1051131,38.7811211,13.689,2
5.2063844,38.7553864,13.715,2
5.3061278,38.8341581,13.877,2
5.1993953,38.6873247,14.05,2
5.2259974,38.8024497,14.207,2
5.2439208,38.8105125,14.218,2
5.1801208,38.7180244,14.244,2
5.3387047,38.7292208,14.257,2
5.2524368,38.8134928,14.301,2
5.2341553,38.7317692,14.753,2
5.1401783,38.8067131,14.887,2
5.1706697,38.7860314,14.935,2
5.3174053,38.7010178,11.923,3
5.3202503,38.6344172,12.605,3
5.2578599,38.6144575,12.862,3
5.201555,38.5863833,12.878,3
5.344715,38.6960539,13.75,3
5.2344911,38.6454381,14.02,3
5.2715881,38.534795,14.39,3
5.32567,38.6554997,14.429,3
5.3387947,38.7058661,14.435,3
5.2466397,38.5811842,14.556,3
5.223585,38.5875217,14.619,3
5.3699791,38.6810333,14.769,3
5.3362894,38.6383767,14.776,3
5.3923182,38.7265089,14.872,3
5.2667133,38.6760875,14.973,3
5.3691592,38.6212194,11.552,3
5.3610431,38.6085908,12.594,3
5.4214714,38.6472644,12.713,3
5.4386706,38.614555,13.479,3
5.4229244,38.6346036,14.549,3
5.4097086,38.5865019,8.811,3
5.3499261,38.5844581,13.847,3
5.3513931,38.5719978,14.208,3
5.3613411,38.587365,14.929,3
5.4023558,38.5717722,9.02,4
5.4274806,38.5574606,11.15,4
5.5279315,38.4724083,11.683,4
5.4280407,38.4209792,11.804,4
5.3431653,38.4627442,11.846,4
5.5180992,38.5083475,12.853,4
5.4002372,38.5570617,13.306,4
5.4259543,38.4955911,13.401,4
5.4189308,38.5468922,13.562,4
5.355765,38.4434336,13.738,4
5.31985,38.4838817,13.863,4
5.3073678,38.508405,14.157,4
5.4590414,38.571665,14.171,4
5.5119298,38.4757758,14.303,4
5.3398533,38.4404906,14.305,4
5.3541722,38.4469261,14.589,4
5.4548666,38.5311994,14.63,4
5.4656525,38.5873703,14.691,4
5.3298653,38.5409889,14.743,4
5.3560137,38.5490203,14.905,4
6.4916869,39.6039906,10.982,5
6.4173008,39.5963783,13.701,5
6.4538296,39.6005411,14.127,5
6.4888067,39.6032989,14.192,5
6.4569033,39.5995811,14.515,5
6.5450962,39.6219967,14.59,5
6.5675864,39.7496828,13.583,5
6.5162686,39.7144853,11.282,5
6.4656343,39.6565419,12.635,5
6.4104675,39.6809292,12.914,5
6.4987094,39.6296036,13.09,5
6.3730067,39.6757072,13.094,5
6.4166328,39.6325683,13.395,5
6.5264528,39.6849286,13.717,5
6.5163465,39.7192814,13.784,5
6.4770336,39.7059917,14.495,5
6.5177093,39.6270869,14.661,5
6.4884136,39.6177603,14.729,5
6.5829244,39.6945114,14.883,5
6.3908314,39.6763439,14.89,5
6.5445457,39.6928233,14.971,5
6.5913368,39.6676911,12.43,5
6.4828761,39.5709033,11.005,6
6.5758269,39.5746314,11.01,6
6.4959767,39.4943944,12.866,6
6.5736283,39.5649511,13.431,6
6.5839161,39.6026997,13.818,6
6.5928206,39.5248792,13.927,6
6.5209789,39.5153039,13.945,6
6.53149,39.4769136,14.383,6
6.5433519,39.5212069,14.469,6
6.5198228,39.5417153,14.519,6
6.4751172,39.5758644,14.751,6
6.6481017,39.5900811,12.373,6
6.6609992,39.5618842,13.168,6
6.6036392,39.6370183,13.344,6
6.6856061,39.5272508,13.386,6
6.6676522,39.6343114,13.685,6
6.6694747,39.5998967,14.187,6
6.5899336,39.6298722,14.378,6
6.6781344,39.5184722,14.386,6
6.6705667,39.5578408,14.476,6
6.6627672,39.6362581,14.664,6
6.6902969,39.4266122,10.167,7
6.7010328,39.4642328,10.877,7
6.6785955,39.4627547,11.503,7
6.7304436,39.3681447,11.864,7
6.7484814,39.4603047,12.524,7
6.7544961,39.4695342,12.845,7
6.7218081,39.4501375,13.072,7
6.7585539,39.4844733,13.441,7
6.6896558,39.4313194,13.644,7
6.6730189,39.4256003,13.737,7
6.7468344,39.4967739,13.904,7
6.7837244,39.3948925,13.955,7
6.6624115,39.4737286,14.109,7
6.7928283,39.3952872,14.147,7
6.7601238,39.4468575,14.171,7
6.6490111,39.4768967,14.3,7
6.7195719,39.4481464,14.304,7
6.7936708,39.4392039,14.697,7
6.7158341,39.4608847,14.723,7
6.6789269,39.4230086,14.81,7
6.7229769,39.4304286,14.827,7
6.8113267,39.3991006,14.834,7
6.6305317,39.3765561,13.201,7
6.6513983,39.4006306,13.573,7
6.6183811,39.4014392,14.128,7
6.5588806,39.4065228,14.171,7
6.6650811,39.4162028,14.578,7
6.5350699,39.4217319,14.792,7
6.6333303,39.4732681,11.409,7
6.5884008,39.4571269,13.676,7
6.8356107,39.3579117,10.491,8
6.8349245,39.3878639,13.444,8
6.8343161,39.3646869,13.868,8
6.683555,39.3008111,10.057,8
6.7136097,39.3484375,11.535,8
6.8616294,39.2972547,12.311,8
6.7735389,39.3322025,12.615,8
6.8080058,39.2228894,13.044,8
6.826914,39.320425,13.181,8
6.8449292,39.2686047,13.85,8
6.8392642,39.2627811,14.189,8
6.7730472,39.2411744,14.348,8
6.8869836,39.2827033,14.506,8
6.8022267,39.2466053,14.674,8
6.7636797,39.2158208,14.925,8
6.8804431,39.2738297,14.962,8
6.6664751,39.228655,14.882,8
3.6059608,41.8888219,11.651,1
3.5937999,41.8920139,11.829,1
3.5798519,41.8920925,12.447,1
3.6014239,41.8647564,13.837,1
3.6799142,41.8414081,14.493,1
3.6880814,41.8926208,14.951,1
3.689146,41.9170394,11.05,1
3.7016197,41.977975,12.07,1
3.8203624,41.9364553,12.718,1
3.8081697,41.91533,13.039,1
3.6299425,41.9764325,13.591,1
3.8325392,41.9317144,13.68,1
3.7790856,41.8935733,14.068,1
3.6459442,41.9854131,14.378,1
3.7617692,41.9700492,14.395,1
3.7829044,42.0183697,14.503,1
3.60498,41.9084219,14.785,1
3.7651017,41.89685,14.834,1
3.6738722,41.9648247,14.864,1
3.7152694,41.9806225,14.889,1
3.7363244,41.9498611,14.902,1
3.7828058,41.9454106,14.954,1
3.6978347,41.7607211,9.126,2
3.7234883,41.8110569,11.307,2
3.7119794,41.7176322,12.03,2
3.9177856,41.8478661,13.096,2
3.8667918,41.8310331,13.396,2
3.8191197,41.8340942,13.441,2
3.7538922,41.6954447,13.697,2
3.8622469,41.7474856,13.898,2
3.9375556,41.7876186,14.287,2
3.7044404,41.7560706,14.558,2
3.7533319,41.8199708,14.587,2
3.8436604,41.7768586,14.975,2
3.8425456,41.8955844,14.601,2
3.9553919,41.7111325,10.422,3
3.8434547,41.7056044,10.717,3
3.9122463,41.6658353,11.909,3
3.9139222,41.5948133,12.955,3
3.7586547,41.6743486,13.302,3
3.8894553,41.6635539,14.268,3
3.9907994,41.7554611,14.468,3
3.8226942,41.6457528,14.498,3
3.7798575,41.6336761,14.599,3
3.8754894,41.6161422,14.632,3
3.9571267,41.6254794,14.662,3
3.8773514,41.6542603,14.721,3
3.8194377,41.6832592,14.786,3
3.7738386,41.6765611,14.841,3
3.9815325,41.6641197,14.848,3
3.8092153,41.6667786,14.993,3
3.91541,41.46411,9.524,4
3.8938361,41.5675072,9.605,4
4.0968856,41.5920483,12.094,4
4.0595536,41.6353492,12.219,4
3.9585865,41.4675022,12.934,4
3.9300622,41.5685494,12.992,4
4.0938214,41.5213431,13.235,4
4.0124217,41.5486142,13.517,4
3.9122597,41.4579289,14.325,4
4.1249356,41.5463758,14.349,4
3.9996974,41.6209978,14.639,4
3.9983119,41.5288714,14.7,4
4.0024312,41.4812217,14.785,4
3.9237916,41.5153983,14.925,4
4.0678149,41.6443833,14.947,4
5.2084553,42.7816406,14.239,5
5.1678764,42.8542164,14.821,5
5.2101247,42.7152539,14.316,5
5.2169589,42.7254925,14.828,5
5.2095743,42.7353375,14.863,5
5.0348953,42.8012925,12.073,5
5.1441097,42.8009272,12.765,5
5.1524147,42.8422031,12.923,5
5.1172242,42.7526892,13.146,5
4.9750808,42.7240508,13.47,5
5.1893083,42.7457464,13.893,5
5.0266469,42.7611906,13.912,5
4.9505581,42.7452572,13.92,5
5.0875781,42.7340428,13.966,5
5.0895519,42.7830864,14.024,5
5.1301061,42.7867331,14.046,5
5.0390058,42.6994378,14.126,5
5.1460042,42.8224492,14.126,5
5.1251658,42.8411783,14.164,5
5.0730469,42.7437897,14.3,5
5.2066611,42.7676178,14.308,5
5.1660172,42.736785,14.408,5
5.0960197,42.7254567,14.547,5
5.0060147,42.7688911,14.592,5
5.0159497,42.7114964,14.621,5
4.9711919,42.7165822,14.679,5
5.05476,42.7506,14.723,5
5.1101331,42.7449233,14.769,5
5.0712852,42.7601758,14.772,5
5.1363194,42.7400042,14.892,5
5.0891447,42.7178247,14.949,5
5.0788206,42.7518156,14.979,5
5.2342328,42.6534619,12.593,6
5.3068419,42.5806725,13.662,6
5.2728428,42.6409164,13.754,6
5.2731497,42.5872297,13.909,6
5.2988386,42.6449128,14.207,6
5.3350067,42.5974647,14.427,6
5.28776,42.5807094,14.825,6
5.3047034,42.6212858,14.967,6
5.1111681,42.6526425,11.915,6
5.1813442,42.5421769,12.138,6
5.1681453,42.5706003,13.022,6
5.1092464,42.6146389,13.349,6
5.0459672,42.6134156,13.716,6
5.1568717,42.6801742,13.748,6
5.1397519,42.5119847,13.784,6
5.0708667,42.6112911,14.117,6
5.21936,42.6030278,14.265,6
5.1961081,42.6710831,14.305,6
5.1863331,42.6814908,14.412,6
5.1489072,42.6134694,14.43,6
5.2582222,42.5650583,14.498,6
5.1464928,42.5103564,14.557,6
5.2512656,42.6093439,14.882,6
5.2632939,42.5682136,14.955,6
5.1754167,42.6497503,14.986,6
5.1513536,42.5673158,14.992,6
5.3608092,42.4369078,10.916,7
5.3264042,42.5086803,13.303,7
5.4454886,42.4645367,13.425,7
5.4043878,42.5000706,13.578,7
5.4298406,42.4930175,14.026,7
5.3075114,42.4766172,14.324,7
5.3460481,42.525835,14.525,7
5.3046443,42.4768806,14.535,7
5.3632478,42.5646308,14.597,7
5.3890531,42.5166206,14.756,7
5.4281694,42.4837175,14.913,7
5.2532142,42.541405,11.921,7
5.2381997,42.5335989,13.853,7
5.2331642,42.5305631,14.7,7
5.2341019,42.4331603,11.676,7
5.2455947,42.5211697,11.872,7
5.2858582,42.4728444,12.393,7
5.2318975,42.4373356,12.775,7
5.2880994,42.4638025,12.823,7
5.2654169,42.4340881,12.914,7
5.2430594,42.5236619,14.428,7
5.2295853,42.4325975,14.64,7
5.2210019,42.4220333,14.713,7
5.3483381,42.4120917,14.553,8
5.4013072,42.4291825,14.603,8
5.4184225,42.4451208,14.921,8
5.2834454,42.3815911,14.238,8
5.4008451,42.3673161,11.961,8
5.4644611,42.3518389,13.221,8
5.4686981,42.3786397,13.753,8
5.5050597,42.4050397,14.153,8
5.5177492,42.3273658,14.208,8
5.4960444,42.3198403,14.281,8
5.4724633,42.3813369,14.282,8
5.5302069,42.3253531,14.34,8
5.4555894,42.3967256,14.411,8
5.5294547,42.3307306,14.691,8
5.4728245,42.4023975,14.792,8
5.4430711,42.32886,14.919,8
5.3917178,42.3617911,14.939,8
5.48936,42.3405794,14.953,8
5.3305984,42.2910297,10.866,8
5.3102658,42.3137233,13.353,8
5.3656158,42.2756222,13.711,8
5.3262393,42.3251797,14.509,8
5.2751758,42.3373414,14.777,8
5.3298439,42.3109739,14.98,8
5.7495503,40.1048989,10.612,1
5.6892594,40.0520672,12.66,1
5.727025,40.0690919,12.671,1
5.6912094,40.0569208,13.776,1
5.7433178,40.1474125,13.186,1
5.6929028,40.14407,11.448,1
5.5644758,40.0726058,11.812,1
5.6563208,40.0807542,12.364,1
5.6646686,40.1612464,13.018,1
5.549823,40.1538397,13.632,1
5.5474733,40.1287656,13.982,1
5.6666292,40.1266119,14.402,1
5.6332747,40.1907336,14.595,1
5.5478656,40.1397683,14.596,1
5.6270211,40.1115706,14.718,1
5.6006103,40.1157978,14.893,1
5.6766886,40.0872489,14.934,1
5.6199136,40.0311364,13.25,1
5.6033196,40.0109575,14.796,1
5.5839522,40.0400044,14.801,1
5.602753,40.020945,14.998,1
5.7803025,39.944405,10.693,2
5.8278692,40.0532814,11.577,2
5.7416303,40.0456808,13.203,2
5.7618197,40.0073694,13.511,2
5.8210061,39.9896153,14.145,2
5.7724978,40.0646417,14.388,2
5.7459053,40.0173472,14.882,2
5.7057147,39.9772628,12.267,2
5.6821183,40.0316694,12.516,2
5.6424789,40.0188861,13.365,2
5.7246431,39.9353539,13.774,2
5.7181661,39.9188511,13.777,2
5.5873882,39.9838608,13.874,2
5.6819019,39.9813092,14.649,2
5.7729319,39.940345,13.416,2
5.8834078,39.8534442,12.529,3
5.9042222,39.8171008,12.681,3
5.9213033,39.8053228,13.249,3
5.8183686,39.857005,13.394,3
5.8674707,39.8416308,13.642,3
5.9292442,39.8423675,13.705,3
5.7631775,39.8940458,13.796,3
5.9438494,39.8833058,13.886,3
5.8866802,39.7920725,14.053,3
5.8886017,39.8237583,14.414,3
5.8905964,39.8353272,14.648,3
5.8893439,39.8097975,14.697,3
5.9169194,39.8144444,14.795,3
5.9006072,39.8501844,14.871,3
5.8626322,39.9014119,14.974,3
5.7775111,39.7579636,12.346,3
5.753665,39.7673119,13.225,3
5.7030228,39.8729556,14.081,3
5.7652197,39.7423464,14.21,3
5.7406181,39.8769217,14.407,3
5.7380558,39.8863647,14.469,3
5.7713625,39.8338317,14.69,3
5.7677144,39.7772747,14.977,3
5.9886569,39.8218761,14.568,4
5.9835039,39.8204064,14.929,4
5.8463181,39.6377206,13.745,4
5.8437475,39.6651247,14.869,4
5.8793958,39.6720797,11.833,4
5.8708358,39.6502539,12.653,4
5.9667853,39.7698164,12.689,4
5.9368889,39.7005003,13.461,4
6.0173908,39.6945361,13.543,4
5.9860619,39.759355,13.693,4
5.9384556,39.6391328,14.225,4
5.8824058,39.6434919,14.285,4
5.8865739,39.7654089,14.447,4
6.0283978,39.7032131,14.577,4
5.8279119,39.7304431,14.586,4
5.9766822,39.7765528,14.83,4
5.936554,39.6400822,14.873,4
5.8475409,39.6883869,14.903,4
5.9252708,39.6309083,14.971,4
7.1520197,40.9234617,12.277,5
6.9778942,40.8583256,12.174,5
6.8877692,40.9349089,12.344,5
6.9670931,40.8908736,12.435,5
7.0715458,40.8952044,12.73,5
6.9579867,40.9123983,13.982,5
7.0622858,40.8850217,14.178,5
7.0843047,40.8981561,14.398,5
7.0095167,40.9734256,14.434,5
7.0955592,40.9600686,14.461,5
6.9746817,40.9155061,14.525,5
7.1036886,40.8815583,14.878,5
7.0713995,40.883575,14.886,5
7.1208997,40.8981453,14.963,5
7.1453942,40.8931181,13.842,5
7.2561992,40.7763283,13.269,6
7.1757439,40.810635,13.387,6
7.1894425,40.8300911,13.934,6
7.1420811,40.863045,14.016,6
7.2665672,40.7653814,14.714,6
7.0642053,40.7454822,13.319,6
7.0541233,40.8214147,13.401,6
7.0445197,40.7241792,13.993,6
7.1443,40.8095569,14.036,6
7.0178614,40.7736186,14.428,6
7.0362431,40.7302294,14.445,6
7.0970156,40.7584083,14.588,6
7.0430181,40.7255397,14.724,6
6.9706981,40.8014231,14.788,6
7.0505558,40.7687469,14.835,6
7.0923144,40.7097911,14.866,6
6.9882725,40.8105269,14.992,6
6.9829654,40.7629344,14.996,6
7.0873461,40.67012,13.865,7
7.3029469,40.7106478,9.676,7
7.1997222,40.6884286,11.671,7
7.2848256,40.7370014,12.276,7
7.2292658,40.7294581,12.923,7
7.2688886,40.7394103,13.267,7
7.2546391,40.598775,14.129,7
7.2280831,40.7366431,14.53,7
7.3413256,40.65012,14.58,7
7.3099644,40.6115369,14.689,7
7.1075661,40.6562275,13.522,7
7.1904525,40.6066983,13.733,7
7.0953799,40.5887056,13.885,7
7.1438931,40.5613078,14.218,7
7.1770514,40.5703361,14.31,7
7.0815731,40.6533814,14.527,7
7.1510656,40.6518992,14.861,7
7.1379054,40.5427,14.958,7
7.3268856,40.4459525,10.58,8
7.3207656,40.4921517,11.127,8
7.2524078,40.5197042,11.824,8
7.3071872,40.5291539,11.968,8
7.3060971,40.4635669,13.154,8
7.31969,40.4930153,13.217,8
7.379095,40.4723961,13.941,8
7.3683708,40.5621556,13.968,8
7.4124531,40.5570361,14.054,8
7.3642908,40.5227433,14.247,8
7.3493418,40.4850169,14.359,8
7.4114758,40.5114753,14.695,8
7.375681,40.4979533,14.788,8
7.3951643,40.4684017,14.793,8
7.2541625,40.5226033,14.892,8
7.2726111,40.5704653,12.767,8
7.3779269,40.6043356,13.865,8
7.2876894,40.5744464,14.199,8
7.3742447,40.6017017,14.712,8
7.2691808,40.56267,14.989,8
7.26941,40.4584353,13.032,8
7.2326353,40.4757336,13.638,8
7.2298164,40.4789211,14.497,8
7.2172945,40.4545622,14.569,8
7.2137406,40.4512786,14.847,8
7.1450917,40.5296633,12.016,8
7.1523858,40.52987,14.541,8
7.2383322,40.5360458,14.712,8
7.1875725,40.5332839,14.852,8
7.2411022,40.5520489,14.993,8
9.9313107,40.6618311,12.624,1
9.9449892,40.6832875,14.521,1
9.9245356,40.6935408,14.728,1
9.8662689,40.6307089,10.804,1
9.7517464,40.6065494,13.402,1
9.8354222,40.6243367,14.156,1
9.8300003,40.6781614,14.37,1
9.8208544,40.6514367,14.704,1
9.7678075,40.6357603,14.708,1
9.7837558,40.5803014,14.964,1
9.9769125,40.6389969,9.885,1
9.7880172,40.5560219,14.34,1
9.98551,40.5731364,10.907,2
10.0348479,40.5449497,11.247,2
10.0171744,40.5462694,12.632,2
9.9759189,40.486975,12.775,2
10.0315171,40.5204294,13.05,2
10.0339386,40.5281469,13.419,2
10.0273558,40.5687164,13.792,2
9.9606583,40.5857622,14.213,2
9.9585747,40.4960294,14.513,2
9.8164243,40.5125586,11.475,2
9.8799599,40.4643192,12.609,2
9.8566892,40.5196786,14.273,2
9.8177178,40.4869528,14.424,2
9.9103742,40.4042439,14.45,2
9.8960289,40.5208561,14.733,2
9.9574912,40.4171531,14.024,2
9.9765686,40.2645006,11.176,3
9.9858767,40.3593697,12.128,3
10.0255131,40.3632414,11.773,3
10.0280336,40.3979683,12.298,3
10.06716,40.4487378,12.785,3
9.9960895,40.3681594,12.932,3
10.1030878,40.4331572,13.255,3
10.1365656,40.4345728,14.288,3
9.9824106,40.3769731,14.907,3
10.0966675,40.3943783,14.984,3
9.9809325,40.3933703,14.988,3
9.9967813,40.2487817,14.121,4
10.1629747,40.2504289,12.601,4
10.0997019,40.2504489,12.96,4
10.0977111,40.1985925,13.813,4
10.1165383,40.1437378,13.822,4
10.0700542,40.19572,14.169,4
10.0921988,40.2588689,14.426,4
10.0400383,40.2452892,14.429,4
10.0264075,40.2203636,14.536,4
10.2108527,40.202255,14.673,4
10.1528642,40.1955919,14.863,4
10.1525983,40.2722978,14.897,4
10.2234493,40.21322,14.911,4
10.2304975,40.2100844,14.917,4
10.1850628,40.32622,11.183,4
10.181217,40.3150972,13.266,4
10.1546322,40.3134856,13.532,4
10.1592613,40.3077661,14.866,4
10.0625317,40.1569006,13.303,4
10.0380169,40.1629636,14.437,4
11.1977531,41.3135742,8.802,5
11.2195425,41.4196694,11.648,5
11.360105,41.398345,12.514,5
11.182797,41.4502119,13.151,5
11.2468592,41.3724069,13.176,5
11.3462894,41.3788856,13.233,5
11.3144917,41.3840858,13.492,5
11.19161,41.3419103,13.542,5
11.2610667,41.3733006,13.674,5
11.3328567,41.4786528,13.788,5
11.3330728,41.4755072,13.845,5
11.1655164,41.4379081,14.013,5
11.3399462,41.393365,14.015,5
11.2776619,41.4696944,14.199,5
11.2878186,41.4349503,14.24,5
11.2807306,41.4743572,14.481,5
11.2899826,41.4581189,14.55,5
11.2762592,41.4059133,14.899,5
11.2711092,41.2921467,12.544,6
11.3502103,41.3438008,12.934,6
11.417395,41.2221578,13.241,6
11.2383094,41.3152378,13.343,6
11.2418075,41.3164892,13.555,6
11.3379579,41.2831792,13.806,6
11.3088289,41.3141842,14.156,6
11.2755653,41.1783972,14.275,6
11.3120567,41.2771933,14.305,6
11.3826119,41.2724903,14.362,6
11.3866694,41.3236747,14.512,6
11.2091902,41.2701453,14.515,6
11.32886,41.2197042,14.578,6
11.357989,41.3609836,14.63,6
11.2865739,41.2347622,14.708,6
11.2671617,41.2190342,14.763,6
11.2672317,41.317455,14.822,6
11.3471261,41.2440097,14.837,6
11.2804108,41.3256683,14.972,6
11.4324589,41.3288919,12.952,6
11.4623339,41.2625067,13.041,6
11.4642183,41.2774506,13.211,6
11.4618489,41.2587489,13.343,6
11.4688489,41.2863567,14.285,6
11.4961592,41.2740286,14.715,6
11.4151936,41.2047297,14.833,7
11.4186194,41.1901658,8.643,7
11.4778486,41.1460564,11.843,7
11.4780664,41.0909542,12.693,7
11.4295969,41.2126856,12.865,7
11.4499328,41.1379414,13.272,7
11.4740775,41.226115,14.242,7
11.4851981,41.1593042,14.243,7
11.5040381,41.2075269,14.604,7
11.4419264,41.2258872,14.78,7
11.5088631,41.1276772,14.83,7
11.5274214,41.1516439,14.99,7
11.2867225,41.1542342,13.293,7
11.3791409,41.0724811,14.11,7
11.4113528,41.0688219,14.273,7
11.4613914,41.1029108,14.722,7
11.3115436,41.1607078,14.927,7
11.60618,41.0328017,12.167,8
11.6587136,41.0290175,12.717,8
11.5496372,40.9939392,12.941,8
11.5286722,41.0683431,14.098,8
11.66133,41.0000483,14.148,8
11.4959339,41.0523922,14.167,8
11.4846494,41.0391992,14.847,8
11.608362,41.0543958,14.944,8
11.5731622,40.9580233,14.969,8
11.4442703,40.9464769,10.961,8
11.4990361,40.9486092,13.176,8
11.4743733,40.9514097,14.457,8
11.471525,40.9545244,14.859,8
11.3913519,41.0214903,14.448,8
11.4766372,41.0451167,14.957,8
12.04846,42.2340461,12.946,1
12.091995,42.2571203,13.324,1
11.9850078,42.2374117,13.507,1
12.0751442,42.2273903,13.682,1
11.9586709,42.3094736,11.227,1
11.9962531,42.2908033,13.245,1
11.9525222,42.2693956,13.356,1
12.0241458,42.3152447,13.75,1
12.0178319,42.3355983,13.872,1
12.0548936,42.2726333,14.093,1
12.0076997,42.3568133,14.15,1
12.0050464,42.3281728,14.152,1
11.9535517,42.27385,14.368,1
11.974436,42.34237,14.415,1
12.0750878,42.3586808,14.421,1
12.0003347,42.26968,14.523,1
12.1141561,42.2964081,14.62,1
12.0097589,42.3590456,14.77,1
12.0892825,42.2984139,14.955,1
12.0033847,42.2779378,14.967,1
12.1377006,42.3957978,13.941,1
12.1131763,42.3756253,14.99,1
12.1032695,42.2696867,13.632,1
12.1376795,42.2806144,14.021,1
12.1289814,42.3065194,14.104,1
12.1537344,42.2896667,14.534,1
12.1370008,42.1640311,9.901,2
12.0739433,42.1095583,10.265,2
12.0695336,42.1107311,12.506,2
12.0425117,42.191965,12.856,2
12.0365856,42.1294078,13.112,2
12.156665,42.1473244,13.259,2
12.1343583,42.1806133,13.971,2
12.1194028,42.0853628,14.291,2
12.0983382,42.2218,14.713,2
12.0829233,42.1934733,14.748,2
12.083245,42.0820781,14.856,2
12.1556772,42.1302964,14.927,2
12.1399844,42.2187297,11.035,2
12.192874,42.1699778,12.717,2
12.2379522,42.2209142,14.194,2
12.1646956,42.1951942,14.62,2
12.2819895,42.168625,14.65,2
12.1433181,42.1982942,14.747,2
12.1660764,42.1844603,14.853,2
12.223915,42.1844978,14.954,2
12.3370317,42.0339481,12.079,3
12.2350219,41.9874883,12.793,3
12.3085328,42.0792917,13.141,3
12.3466922,42.1022789,13.345,3
12.2053117,42.0386889,13.475,3
12.3364178,42.0024583,13.491,3
12.212185,42.0980569,13.886,3
12.1732583,42.0368347,14.196,3
12.3449458,42.0328233,14.218,3
12.3893144,42.0276692,14.301,3
12.2342008,42.1107153,14.331,3
12.2093287,41.9861606,14.416,3
12.3268358,42.0271217,14.419,3
12.2169294,42.0497936,14.636,3
12.1869828,42.0157,14.677,3
12.3116561,42.1243033,14.736,3
12.1439033,42.05583,14.765,3
12.2684656,41.9781006,14.805,3
12.3632022,42.0707483,14.834,3
12.2046411,42.0871703,14.89,3
12.1077472,42.0634697,13.731,3
12.2815622,41.9618758,12.528,4
12.3642969,41.8734169,11.871,4
12.2492331,41.8799236,12.05,4
12.2735889,41.8878992,12.883,4
12.1997589,41.9148781,13.627,4
12.4048808,41.9534481,13.661,4
12.3019264,41.9116808,13.975,4
12.2165997,41.8916294,14.022,4
12.3690256,41.8426361,14.423,4
12.2510333,41.8383208,14.513,4
12.2381703,41.9475292,14.603,4
12.4508636,41.8898503,14.821,4
12.2737825,41.8934481,14.826,4
12.3648179,41.8686189,14.836,4
12.3797607,41.9151153,14.859,4
12.2879472,41.8677375,14.984,4
13.3837447,43.0544661,11.925,5
13.3935314,43.0353117,12.399,5
13.5228989,43.0735839,13.028,5
13.4696356,43.0632314,13.183,5
13.4765372,43.1096531,13.506,5
13.5922419,43.1370619,13.537,5
13.4168367,43.0524764,13.546,5
13.5151539,43.1372364,13.615,5
13.4981344,43.1018725,13.625,5
13.5203131,43.0429736,13.726,5
13.3676839,43.0810447,13.92,5
13.53863,43.1429769,13.935,5
13.4344198,43.0690914,14.046,5
13.3961653,43.1147586,14.269,5
13.5640069,43.1592564,14.365,5
13.4844925,43.1267747,14.47,5
13.5133055,43.0406333,14.848,5
13.4463961,43.1497656,14.904,5
13.5691485,43.0683936,14.926,5
13.5613143,43.1165997,14.947,5
13.6041106,43.1060878,14.996,5
13.5740994,43.03346,13.256,5
13.4630868,43.0190631,14.794,5
13.6249793,42.8913578,9.6,6
13.5029289,42.9148664,11.807,6
13.4432633,42.9564908,12.145,6
13.5194728,42.9089008,12.768,6
13.5033567,42.9612778,13.169,6
13.5184572,42.9127725,13.26,6
13.5913039,42.9344433,13.414,6
13.5318397,42.9607886,13.551,6
13.4850042,42.8815169,13.587,6
13.5075383,42.8786672,13.612,6
13.5189806,42.9724975,13.731,6
13.6290592,42.9118461,13.78,6
13.5967695,42.9539972,14.251,6
13.5764782,42.9326008,14.523,6
13.5542344,42.8960072,14.64,6
13.4987119,42.8838278,14.662,6
13.5967864,43.0262561,14.686,6
13.446155,42.9827058,14.949,6
13.4594197,42.9387411,14.953,6
13.6452744,43.0431406,10.947,6
13.5980872,43.0379628,12.813,6
13.6542478,42.9889656,12.837,6
13.7075533,42.9636081,12.899,6
13.7109133,42.9798983,13.977,6
13.6383905,43.0473911,14.005,6
13.7314236,42.9432342,14.372,6
13.7435735,42.9301853,14.85,6
13.7257581,42.950245,14.917,6
13.7625358,42.8790364,9.809,7
13.8000044,42.7956533,10.688,7
13.7430581,42.8648244,13.947,7
13.7647036,42.8150922,14.332,7
13.7968328,42.8547519,14.415,7
13.7963161,42.8024872,14.712,7
13.6220886,42.8582228,12.312,7
13.5726519,42.8264953,11.832,7
13.6208245,42.8473467,11.977,7
13.5763842,42.7854781,13.058,7
13.5963372,42.7429633,13.114,7
13.6037863,42.7463617,13.163,7
13.6551144,42.7337414,13.481,7
13.6449875,42.8346125,13.51,7
13.5943453,42.7426533,13.531,7
13.5856856,42.8442483,13.553,7
13.6242386,42.8573031,13.734,7
13.6281583,42.7598608,14.27,7
13.6269511,42.7922261,14.286,7
13.6625758,42.7660472,14.416,7
13.6519808,42.7276431,14.89,7
13.5742139,42.7912253,14.89,7
13.581829,42.7689211,14.982,7
13.77152,42.7672869,14.27,8
13.7327386,42.6938231,12.022,8
13.8463392,42.7140803,12.477,8
13.8058914,42.6366914,12.557,8
13.8018017,42.699665,13.201,8
13.8219169,42.6249986,13.683,8
13.7738039,42.6039036,13.855,8
13.9013722,42.7028797,14.011,8
13.8492169,42.7002886,14.568,8
13.7962193,42.6770842,14.623,8
13.7661183,42.6176572,14.699,8
13.7127969,42.6655489,14.753,8
13.8178353,42.7295214,14.859,8
13.8913747,42.6813383,14.914,8
13.8406433,42.6614111,14.929,8
13.7803981,42.6485022,14.994,8
13.6734169,42.6430239,12.986,8
13.6828876,42.636725,14.637,8
13.6583385,42.6523675,14.905,8
13.6610744,42.6873625,10.118,8
13.6872058,42.7097789,13.38,8
13.6878736,42.6838433,14.039,8
13.6764404,42.7053194,14.366,8
13.6602383,42.7258314,14.569,8
8.2999511,42.5580397,14.086,1
8.2769614,42.5421553,14.598,1
8.3454311,42.5978489,14.985,1
8.3051922,42.6789342,14.511,1
8.2822808,42.6805625,14.524,1
8.1692761,42.4857289,11.934,1
8.154745,42.5154592,13.919,1
8.2051893,42.58173,10.977,1
8.1072567,42.5706908,11.178,1
8.2140231,42.6508103,13.646,1
8.1697969,42.5506108,14.457,1
8.3566231,42.5500103,12.088,2
8.3997536,42.5390442,12.311,2
8.4274231,42.5191708,12.891,2
8.3425617,42.4529558,13.764,2
8.38037,42.5560781,13.892,2
8.3510717,42.512085,13.894,2
8.4303583,42.5242644,13.994,2
8.4639986,42.4942133,14.442,2
8.3908683,42.4367353,14.699,2
8.4744335,42.4606031,14.758,2
8.4214298,42.4811689,14.846,2
8.3677511,42.4160678,13.706,2
8.3785422,42.4164342,13.749,2
8.4037499,42.4066103,14.312,2
8.2979431,42.4888614,13.371,2
8.3417062,42.4359058,13.933,2
8.240685,42.4316072,14.698,2
8.2222192,42.4462264,14.699,2
8.2645481,42.4185992,14.795,2
8.2594067,42.4269839,14.917,2
8.2592517,42.3573417,14.999,2
8.4343803,42.4125567,9.251,3
8.3886614,42.3432403,12.302,3
8.5137544,42.4268867,12.642,3
8.4263406,42.3363706,13.264,3
8.4043891,42.2767164,14.045,3
8.4339825,42.2468108,14.413,3
8.4682531,42.2728106,14.472,3
8.4873867,42.3583089,14.545,3
8.4288372,42.3049625,14.669,3
8.4722097,42.301975,14.852,3
8.4410169,42.3806439,14.922,3
8.4688475,42.3138625,14.985,3
8.2946531,42.3540628,11.474,3
8.3392944,42.2510756,13.333,3
8.3398119,42.2913064,13.432,3
8.3332825,42.2954739,13.54,3
8.3698066,42.2523042,13.631,3
8.3139668,42.2839911,13.737,3
8.2927231,42.3256258,13.744,3
8.3317336,42.2854222,13.966,3
8.3489881,42.2664092,14.776,3
8.541425,42.2752881,14.555,4
8.6523871,42.2311214,13.995,4
8.6141016,42.2732964,14.524,4
8.4898469,42.1230231,10.484,4
8.5515547,42.1652775,10.672,4
8.5566058,42.2621964,11.036,4
8.4183469,42.1529931,11.606,4
8.4480364,42.1501911,13.021,4
8.5671358,42.2709317,13.124,4
8.4820142,42.1035864,13.298,4
8.4929081,42.1031342,13.336,4
8.5038664,42.1687786,13.465,4
8.5581836,42.2565456,13.58,4
8.4757932,42.1125936,13.622,4
8.4676234,42.1876661,13.751,4
8.4683536,42.1492344,13.918,4
8.5456681,42.2151706,14.237,4
8.4874661,42.1678433,14.323,4
8.6301128,42.2477086,14.625,4
8.4155433,42.2000208,14.697,4
8.6326417,42.1806711,14.832,4
8.6420825,42.2293706,14.917,4
8.6142403,42.1649281,14.923,4
9.7684557,43.4559642,14.338,5
9.7206525,43.3347067,11.028,5
9.6724426,43.3188486,12.3,5
9.6884317,43.32268,12.507,5
9.5809588,43.3078722,13.708,5
9.6424967,43.3125131,14.092,5
9.6823025,43.4622558,8.983,5
9.7598317,43.3794011,9.98,5
9.5465811,43.3857303,12.065,5
9.6646278,43.3723875,12.471,5
9.5976816,43.3506733,12.645,5
9.6086603,43.3539175,12.919,5
9.5517848,43.3999231,12.984,5
9.6527139,43.3517497,13.542,5
9.7480111,43.4443444,13.684,5
9.6838881,43.3528714,13.916,5
9.7199644,43.4071658,14.103,5
9.7323769,43.4406556,14.171,5
9.5809072,43.4005042,14.25,5
9.6638052,43.458455,14.555,5
9.5360861,43.3814667,14.599,5
9.5697197,43.34609,14.865,5
9.7123108,43.4525042,14.883,5
9.8537652,43.2392553,11.035,6
9.8092258,43.3601869,12.568,6
9.9043858,43.2605975,12.615,6
9.8920403,43.2335414,13.567,6
9.8150158,43.3118958,13.671,6
9.8041844,43.3626164,13.851,6
9.8446603,43.3416306,13.854,6
9.8031689,43.3146736,14.06,6
9.8689672,43.2856186,14.646,6
9.7713206,43.3324819,14.841,6
9.74913,43.3064625,10.301,6
9.7417997,43.2368044,10.907,6
9.6966336,43.3108117,11.969,6
9.6126847,43.2834211,12.618,6
9.7816111,43.26208,13.33,6
9.7489244,43.1918231,13.767,6
9.7328756,43.2582103,13.777,6
9.6646281,43.2110967,13.811,6
9.6766367,43.2022361,13.874,6
9.7774369,43.2484756,13.949,6
9.6750411,43.2528939,14.053,6
9.7662928,43.3146764,14.22,6
9.6180503,43.2745544,14.354,6
9.8239994,43.2025231,14.383,6
9.6668032,43.28071,14.577,6
9.6476969,43.2718164,14.629,6
9.9216317,43.2372414,13.584,7
9.7677442,43.1258211,10.367,7
9.8324981,43.0393131,13.22,7
9.7915868,43.1590708,13.642,7
9.8492666,43.0504597,13.772,7
9.7871751,43.0751497,13.931,7
9.7430494,43.11667,13.935,7
9.7825061,43.0190447,14.057,7
9.8143044,43.1316908,14.098,7
9.8446189,43.1106622,14.231,7
9.7829622,43.0291364,14.241,7
9.8111917,43.1559319,14.443,7
9.8096844,43.0859844,14.509,7
9.78672,43.1281969,14.881,7
9.8050942,43.1945633,14.196,7
9.8763781,43.1564086,11.56,7
9.9169083,43.230845,11.804,7
9.9359664,43.1022308,12.107,7
9.9002342,43.0896928,13.579,7
9.9080697,43.1374917,13.816,7
9.9047319,43.0749086,13.967,7
9.9121017,43.1681631,14.096,7
9.9531456,43.1462203,14.648,7
9.8969111,43.1092381,14.665,7
9.8805081,43.134145,14.739,7
9.8757708,43.1695525,14.824,7
9.9047303,43.2144642,14.901,7
9.8458881,43.1814833,14.961,7
9.9722186,43.1436783,14.985,7
9.8726308,43.0109892,12.121,8
9.8333064,42.9883392,12.558,8
9.8465103,43.0055619,14.28,8
10.0133308,43.0253978,12.662,8
9.9940208,43.0144564,12.831,8
9.9002047,42.9927158,13.228,8
9.9439356,42.9792517,13.392,8
9.9412107,42.9528897,13.402,8
9.9926244,43.0177906,13.786,8
9.9932389,43.0065319,13.989,8
9.9617989,42.9987161,13.995,8
10.0111942,43.0387139,14.452,8
9.9598722,42.9749439,14.498,8
9.9786208,42.9992656,14.685,8
9.9594761,42.9159992,14.774,8
10.0512564,43.0077086,14.796,8
9.9823639,43.0007597,14.799,8
9.9397528,42.9228564,14.817,8
9.8979106,42.9898644,14.88,8
9.9239317,43.0591297,13.224,8
9.9994364,43.0902656,13.724,8
10.0097218,43.0885056,14.462,8
10.0233978,43.1058708,14.664,8
